condition,point_estimate,ci_lower,ci_upper
C_logreg,0.6787677617571414,0.5474981154728707,0.8057311126957454
A_logreg,0.6411659574146101,0.5059093562276682,0.7706319701453871
D2_bayes,0.6404238052914718,0.5107865992605536,0.7674748050891826
B_logreg,0.6380411707263867,0.5161113210613435,0.75290006942171
D_bayes,0.6301923537383741,0.5010254583212395,0.7649912040520929
C_xgboost,0.6188183987628328,0.48656976749021963,0.7580623831565957
A_xgboost,0.6181493662929731,0.4937587227189914,0.7405422205991005
B_xgboost,0.5907471749878441,0.4618272132447402,0.7331431251695266
F_xgboost,0.5182126608643713,0.3971602110852634,0.662794739598715
E_isotonic,0.4672767280026565,0.36311488395880737,0.5858959316491624
E_platt,0.46494132815665584,0.34808921224157846,0.5994999896293567
