condition_a,condition_b,point_diff (a - b),ci_lower,ci_upper,distinguishable_from_zero,better_condition
A_logreg,A_xgboost,0.02301659112163701,-0.07085368927849142,0.1204564228713882,False,neither (not distinguishable)
A_logreg,B_logreg,0.0031247866882234687,-0.15555051105937195,0.16887656910371976,False,neither (not distinguishable)
A_logreg,B_xgboost,0.05041878242676601,-0.12472719620979345,0.207056607945126,False,neither (not distinguishable)
A_logreg,C_logreg,-0.03760180434253124,-0.14467898550523714,0.06771499063189783,False,neither (not distinguishable)
A_logreg,C_xgboost,0.02234755865177729,-0.1360192724155983,0.1761658846332757,False,neither (not distinguishable)
A_logreg,D2_bayes,0.0007421521231383288,-0.14594620968392039,0.14820099075496287,False,neither (not distinguishable)
A_logreg,D_bayes,0.01097360367623601,-0.14681052961165386,0.16067392555492954,False,neither (not distinguishable)
A_logreg,E_isotonic,0.17388922941195362,0.043917489928925406,0.2964771918664341,True,A_logreg
A_logreg,E_platt,0.1762246292579543,0.054379997941915705,0.2830549141220859,True,A_logreg
A_logreg,F_xgboost,0.12295329655023879,-0.007901006781921746,0.2406078580829993,False,neither (not distinguishable)
A_xgboost,B_logreg,-0.01989180443341354,-0.17241082782486872,0.14171237806354617,False,neither (not distinguishable)
A_xgboost,B_xgboost,0.027402191305128998,-0.1408595384958585,0.17416094127734888,False,neither (not distinguishable)
A_xgboost,C_logreg,-0.06061839546416825,-0.16042012568501385,0.03538786226523096,False,neither (not distinguishable)
A_xgboost,C_xgboost,-0.0006690324698597205,-0.15532702090757797,0.1370586491722089,False,neither (not distinguishable)
A_xgboost,D2_bayes,-0.02227443899849868,-0.16740892865462925,0.11977312206444096,False,neither (not distinguishable)
A_xgboost,D_bayes,-0.012042987445400999,-0.17192755206679522,0.13374389727094935,False,neither (not distinguishable)
A_xgboost,E_isotonic,0.1508726382903166,0.026354441946081674,0.27041000815562427,True,A_xgboost
A_xgboost,E_platt,0.15320803813631728,0.024668919599713842,0.2696317758248762,True,A_xgboost
A_xgboost,F_xgboost,0.09993670542860178,0.01835283476817706,0.17262897508978767,True,A_xgboost
B_logreg,B_xgboost,0.04729399573854254,-0.05091248418338419,0.12571555674411397,False,neither (not distinguishable)
B_logreg,C_logreg,-0.04072659103075471,-0.18942756935286512,0.10019789320432351,False,neither (not distinguishable)
B_logreg,C_xgboost,0.01922277196355382,-0.08395149407218548,0.1111264186212486,False,neither (not distinguishable)
B_logreg,D2_bayes,-0.00238263456508514,-0.07983146764874136,0.07249748999235887,False,neither (not distinguishable)
B_logreg,D_bayes,0.007848816988012541,-0.06474159912766506,0.06896169008174911,False,neither (not distinguishable)
B_logreg,E_isotonic,0.17076444272373015,0.07932698637881382,0.2597512205888579,True,B_logreg
B_logreg,E_platt,0.17309984256973082,0.0021066343979566264,0.3288657843551337,True,B_logreg
B_logreg,F_xgboost,0.11982850986201532,-0.039568990504458,0.26006557393965474,False,neither (not distinguishable)
B_xgboost,C_logreg,-0.08802058676929725,-0.2218556662315201,0.054094428136222665,False,neither (not distinguishable)
B_xgboost,C_xgboost,-0.02807122377498872,-0.06924445971255165,0.012220375638085685,False,neither (not distinguishable)
B_xgboost,D2_bayes,-0.04967663030362768,-0.15185720196442723,0.0657905974593667,False,neither (not distinguishable)
B_xgboost,D_bayes,-0.03944517875053,-0.1467755296056705,0.0769918915122302,False,neither (not distinguishable)
B_xgboost,E_isotonic,0.12347044698518761,0.04560097502324009,0.22753484301168267,True,B_xgboost
B_xgboost,E_platt,0.12580584683118828,-0.051782379606390774,0.31360879235656147,False,neither (not distinguishable)
B_xgboost,F_xgboost,0.07253451412347278,-0.08221925045642059,0.23326329967730017,False,neither (not distinguishable)
C_logreg,C_xgboost,0.05994936299430853,-0.06531377778250301,0.18210005353536732,False,neither (not distinguishable)
C_logreg,D2_bayes,0.03834395646566957,-0.09289713934395391,0.1663348084656436,False,neither (not distinguishable)
C_logreg,D_bayes,0.04857540801876725,-0.09319315816047061,0.17475443021219647,False,neither (not distinguishable)
C_logreg,E_isotonic,0.21149103375448486,0.10055920417355822,0.3233289873092075,True,C_logreg
C_logreg,E_platt,0.21382643360048553,0.05745413181428295,0.363816591534337,True,C_logreg
C_logreg,F_xgboost,0.16055510089277003,0.027963016437834057,0.2797922660325963,True,C_logreg
C_xgboost,D2_bayes,-0.02160540652863896,-0.13082939368739946,0.09024735259998097,False,neither (not distinguishable)
C_xgboost,D_bayes,-0.011373954975541278,-0.12858149863617288,0.10126688084817388,False,neither (not distinguishable)
C_xgboost,E_isotonic,0.15154167076017633,0.06535079226400244,0.25466469585622414,True,C_xgboost
C_xgboost,E_platt,0.153877070606177,-0.035094263821487025,0.3310973848983397,False,neither (not distinguishable)
C_xgboost,F_xgboost,0.1006057378984615,-0.051910676482810975,0.2478955883513051,False,neither (not distinguishable)
D2_bayes,D_bayes,0.010231451553097681,-0.0337818932477497,0.04591127042782065,False,neither (not distinguishable)
D2_bayes,E_isotonic,0.1731470772888153,0.07661193643353598,0.275587841617235,True,D2_bayes
D2_bayes,E_platt,0.17548247713481596,0.002894285471288036,0.3394162003130812,True,D2_bayes
D2_bayes,F_xgboost,0.12221114442710046,-0.028939644205596252,0.2624472997476908,False,neither (not distinguishable)
D_bayes,E_isotonic,0.1629156257357176,0.06854537542698992,0.27309405303512596,True,D_bayes
D_bayes,E_platt,0.16525102558171828,-0.00537028186286104,0.3382740925140069,False,neither (not distinguishable)
D_bayes,F_xgboost,0.11197969287400278,-0.0406638324677827,0.26718257633448167,False,neither (not distinguishable)
E_isotonic,E_platt,0.002335399846000674,-0.14364515912036505,0.1313741210052687,False,neither (not distinguishable)
E_isotonic,F_xgboost,-0.05093593286171483,-0.18109658130260525,0.06327290310125998,False,neither (not distinguishable)
E_platt,F_xgboost,-0.0532713327077155,-0.17439917853079778,0.0637882352123903,False,neither (not distinguishable)
