lanark_idx,y_true,proba
171,0,0.6793716
556,0,0.38417906
340,1,0.79192823
433,0,0.34442952
280,0,0.5591064
178,0,0.5463868
287,0,0.4721717
352,0,0.4669598
96,1,0.3595976
248,1,0.74328935
264,1,0.44684392
529,1,0.50624967
498,1,0.5622341
271,1,0.50613034
5,0,0.54908025
468,1,0.7047994
327,0,0.50613034
43,0,0.46772778
76,1,0.65496653
61,0,0.4969782
34,1,0.40794408
109,1,0.44171682
368,1,0.68507344
124,0,0.44684392
476,1,0.5946577
392,0,0.42901024
362,0,0.40586382
203,1,0.7533012
544,0,0.6706079
285,0,0.5249759
454,0,0.5586171
551,1,0.7705706
306,0,0.69629955
415,0,0.4401999
224,0,0.80172485
445,1,0.72963464
470,0,0.68318987
566,0,0.33674178
474,0,0.38555896
11,0,0.72186744
50,1,0.5918042
242,0,0.8304491
523,0,0.4719289
8,1,0.42200398
361,0,0.42781812
512,0,0.6908434
209,1,0.6861224
74,1,0.4046272
199,0,0.6897537
40,0,0.46882454
249,1,0.57326114
455,1,0.64726657
441,1,0.50012636
195,0,0.7692835
565,0,0.6696252
312,0,0.48373672
125,1,0.3571625
336,1,0.6306773
370,1,0.46908936
92,0,0.5217204
252,0,0.6908434
501,0,0.4791531
341,1,0.40512052
155,0,0.46427116
3,1,0.3001831
492,1,0.5099701
522,1,0.6502834
82,0,0.43778524
244,1,0.69772863
307,0,0.44248623
225,1,0.553535
462,1,0.55988604
395,1,0.58465266
214,1,0.38958976
407,0,0.64678895
68,1,0.49921244
91,0,0.38376787
28,0,0.44339108
101,0,0.5028539
320,1,0.6376759
509,0,0.53469485
318,0,0.59775186
189,0,0.6099735
102,0,0.4813119
364,1,0.7198222
106,0,0.4791531
403,1,0.6247067
59,1,0.38958976
143,0,0.4564454
194,1,0.7772276
493,0,0.42392287
379,1,0.3595976
525,0,0.4046024
408,1,0.6791619
162,0,0.4080913
152,1,0.5305189
401,1,0.6588681
385,0,0.56438416
350,0,0.44339108
464,1,0.74017036
359,0,0.48465878
546,0,0.3899092
313,1,0.9025176
198,0,0.71416163
456,1,0.6346279
33,1,0.77659744
420,0,0.40290314
134,1,0.7667874
49,1,0.5298672
465,1,0.7366593
515,0,0.7404999
99,0,0.39944294
181,1,0.5836354
90,0,0.70551664
